No.,name,url
1,宝鐘マリン,https://www.youtube.com/channel/UCCzUftO8KOVkV4wQG1vkUvg
2,星街すいせい,https://www.youtube.com/channel/UC5CwaMl1eIgY8h02uZw7u8A
3,兎田ぺこら,https://www.youtube.com/channel/UC1DCedRgGHBdm81E1llLhOQ
4,白神フブキ,https://www.youtube.com/channel/UCdn5BQ06XqgXoAxIhbqw5Rg
5,さくらみこ,https://www.youtube.com/channel/UC-hM6YJuNYVAmUWxeIr9FeA
6,戌神ころね,https://www.youtube.com/channel/UChAnqc_AY5_I3Px5dig3X1Q
7,猫又おかゆ,https://www.youtube.com/channel/UCvaTdHTWBGv3MKj3KVqJVCw
8,白銀ノエル,https://www.youtube.com/channel/UCdyqAaZDKHXg4Ahi7VENThQ
9,大空スバル,https://www.youtube.com/channel/UCvzGlP9oQwU--Y0r9id_jnA
10,角巻わため,https://www.youtube.com/channel/UCqm3BQLlJfvkTsX_hvm0UmA
11,夏色まつり,https://www.youtube.com/channel/UCQ0UDLQCjY0rmuxCDE38FGg
12,ラプラス・ダークネス,https://www.youtube.com/channel/UCENwRMx5Yh42zWpzURebzTw
13,尾丸ポルカ,https://www.youtube.com/channel/UCK9V2B22uJYu3N7eR_BT9QA
14,雪花ラミィ,https://www.youtube.com/channel/UCFKOVgVbGmX65RxO3EtH3iw
15,博衣こより,https://www.youtube.com/channel/UC6eWCld0KwmyHFbAqK3V-Rw
16,大神ミオ,https://www.youtube.com/channel/UCp-5t9SrOQwXMU7iIjQfARg
17,ときのそら,https://www.youtube.com/channel/UCp6993wxpyDPHUpavwDFqgg
18,桃鈴ねね,https://www.youtube.com/channel/UCAWSyEs_Io8MtpY3m-zqILA
19,AZKI,https://www.youtube.com/channel/UC0TXe_LYZ4scaW2XMyi5_kw
20,儒烏風亭らでん,https://www.youtube.com/channel/UCdXAk5MpyLD8594lm_OvtGQ
21,風真いろは,https://www.youtube.com/channel/UC_vMYWcDjmfdpH6r4TTn1MQ
22,鷹嶺ルイ,https://www.youtube.com/channel/UCs9_O1tRPMQTHQ-N_L6FU2g
23,癒月ちょこ,https://www.youtube.com/channel/UC1suqwovbL1kzsoaZgFZLKg
24,アキ・ロゼンタール,https://www.youtube.com/channel/UCFTLzh12_nrtzqBPsTCqenA
25,音乃瀬奏,https://www.youtube.com/channel/UCWQtYtq9EOB4-I5P-3fh8lA
26,一条莉々華,https://www.youtube.com/channel/UCtyWhCj3AqKh2dXctLkDtng
27,水宮枢,https://www.youtube.com/channel/UCjk2nKmHzgH5Xy-C5qYRd5A
28,綺々羅々ヴィヴィ,https://www.youtube.com/channel/UCGzTVXqMQHa4AgJVJIVvtDQ
29,虎金妃笑虎,https://www.youtube.com/channel/UCuI_opAVX6qbxZY-a-AxFuQ
30,輪堂 千速,https://www.youtube.com/channel/UCKMWFR6lAstLa7Vbf5dH7ig
31,響咲リオナ,https://www.youtube.com/channel/UC9LSiN9hXI55svYEBrrK-tw